country,death_cause,year,val,rank
World,Unsafe water source,1990,45.64747736,4
World,Air pollution,1990,121.521712,1
World,Lead exposure,1990,9.903858207,7
World,Smoking,1990,109.694522,2
World,Alcohol use,1990,30.65268993,5
World,Drug use,1990,4.409247374,8
World,Dietary risks,1990,101.2280917,3
World,Occupational risks,1990,21.28244743,6
India,Unsafe water source,1990,107.0496802,2
India,Air pollution,1990,155.7628709,1
India,Lead exposure,1990,13.44612577,7
India,Smoking,1990,74.55355251,3
India,Alcohol use,1990,20.33396908,6
India,Drug use,1990,3.533550536,8
India,Dietary risks,1990,62.93204315,4
India,Occupational risks,1990,20.97416523,5
United States of America,Unsafe water source,1990,0.033060293,8
United States of America,Air pollution,1990,40.90780176,3
United States of America,Lead exposure,1990,9.974609754,6
United States of America,Smoking,1990,203.2337069,1
United States of America,Alcohol use,1990,30.15722221,4
United States of America,Drug use,1990,9.761355229,7
United States of America,Dietary risks,1990,158.5109337,2
United States of America,Occupational risks,1990,22.09080435,5
Malaysia,Unsafe water source,1990,3.892644808,6
Malaysia,Air pollution,1990,44.66944641,3
Malaysia,Lead exposure,1990,3.204154264,7
Malaysia,Smoking,1990,66.96972186,2
Malaysia,Alcohol use,1990,11.942408,4
Malaysia,Drug use,1990,1.397995708,8
Malaysia,Dietary risks,1990,80.50113274,1
Malaysia,Occupational risks,1990,11.00222179,5
China,Unsafe water source,1990,6.405141748,8
China,Air pollution,1990,160.1584414,1
China,Lead exposure,1990,13.64793266,6
China,Smoking,1990,129.4076177,2
China,Alcohol use,1990,30.18860557,5
China,Drug use,1990,7.442875228,7
China,Dietary risks,1990,95.87739951,3
China,Occupational risks,1990,36.01565128,4
United Kingdom,Unsafe water source,1990,0.014499345,8
United Kingdom,Air pollution,1990,73.20825558,3
United Kingdom,Lead exposure,1990,7.952287532,6
United Kingdom,Smoking,1990,315.5025513,1
United Kingdom,Alcohol use,1990,15.30134575,5
United Kingdom,Drug use,1990,2.993807969,7
United Kingdom,Dietary risks,1990,243.5512687,2
United Kingdom,Occupational risks,1990,40.21379146,4
Switzerland,Unsafe water source,1990,0.038382306,8
Switzerland,Air pollution,1990,54.47902475,4
Switzerland,Lead exposure,1990,5.21452231,7
Switzerland,Smoking,1990,172.6774273,1
Switzerland,Alcohol use,1990,62.65998243,3
Switzerland,Drug use,1990,7.564753802,6
Switzerland,Dietary risks,1990,164.6469274,2
Switzerland,Occupational risks,1990,27.91135313,5
Malaysia,Unsafe water source,1991,3.559701287,6
Malaysia,Air pollution,1991,41.61851076,3
Malaysia,Lead exposure,1991,3.152248177,7
Malaysia,Smoking,1991,65.96666434,2
Malaysia,Alcohol use,1991,12.05105023,4
Malaysia,Drug use,1991,1.672379351,8
Malaysia,Dietary risks,1991,78.24074803,1
Malaysia,Occupational risks,1991,10.90299076,5
Japan,Unsafe water source,1991,0.147226981,8
Japan,Air pollution,1991,25.03844773,4
Japan,Lead exposure,1991,2.947381974,7
Japan,Smoking,1991,140.8662231,1
Japan,Alcohol use,1991,35.72505129,3
Japan,Drug use,1991,5.08416604,6
Japan,Dietary risks,1991,98.74798933,2
Japan,Occupational risks,1991,14.27233344,5
World,Unsafe water source,1993,42.20454924,4
World,Air pollution,1993,117.1897454,1
World,Lead exposure,1993,10.18500708,7
World,Smoking,1993,111.8410276,2
World,Alcohol use,1993,31.94387466,5
World,Drug use,1993,5.167773899,8
World,Dietary risks,1993,102.5014446,3
World,Occupational risks,1993,20.97650855,6
China,Unsafe water source,1991,5.90668108,8
China,Air pollution,1991,158.2534841,1
China,Lead exposure,1991,13.75725736,6
China,Smoking,1991,131.9884917,2
China,Alcohol use,1991,30.43859283,5
China,Drug use,1991,7.860561748,7
China,Dietary risks,1991,95.48469422,3
China,Occupational risks,1991,35.78357771,4
India,Unsafe water source,1993,101.2788413,2
India,Air pollution,1993,147.7593994,1
India,Lead exposure,1993,13.97371646,7
India,Smoking,1993,75.17615004,3
India,Alcohol use,1993,20.24806892,6
India,Drug use,1993,3.824601416,8
India,Dietary risks,1993,63.70133041,4
India,Occupational risks,1993,20.85300316,5
Japan,Unsafe water source,1993,0.148868508,8
Japan,Air pollution,1993,25.3043921,4
Japan,Lead exposure,1993,2.952746705,7
Japan,Smoking,1993,144.9962705,1
Japan,Alcohol use,1993,37.36717835,3
Japan,Drug use,1993,5.60994877,6
Japan,Dietary risks,1993,99.0458004,2
Japan,Occupational risks,1993,14.66679286,5
United Kingdom,Unsafe water source,1991,0.015498015,8
United Kingdom,Air pollution,1991,71.38769321,3
United Kingdom,Lead exposure,1991,7.854717405,6
United Kingdom,Smoking,1991,310.1653883,1
United Kingdom,Alcohol use,1991,15.95523922,5
United Kingdom,Drug use,1991,3.136790551,7
United Kingdom,Dietary risks,1991,238.5226816,2
United Kingdom,Occupational risks,1991,39.59404515,4
United Kingdom,Unsafe water source,1994,0.020959943,8
United Kingdom,Air pollution,1994,65.07259188,3
United Kingdom,Lead exposure,1994,7.398482737,6
United Kingdom,Smoking,1994,294.130347,1
United Kingdom,Alcohol use,1994,19.96534859,5
United Kingdom,Drug use,1994,3.706883484,7
United Kingdom,Dietary risks,1994,219.2903031,2
United Kingdom,Occupational risks,1994,37.63797884,4
Malaysia,Unsafe water source,1994,3.443676176,7
Malaysia,Air pollution,1994,38.00682737,3
Malaysia,Lead exposure,1994,3.288402745,8
Malaysia,Smoking,1994,67.69724723,2
Malaysia,Alcohol use,1994,12.29717166,4
Malaysia,Drug use,1994,3.587659241,6
Malaysia,Dietary risks,1994,79.33149174,1
Malaysia,Occupational risks,1994,10.97271999,5
China,Unsafe water source,1994,4.204080988,8
China,Air pollution,1994,151.3810693,1
China,Lead exposure,1994,13.85833967,6
China,Smoking,1994,138.0383937,2
China,Alcohol use,1994,30.35249352,5
China,Drug use,1994,8.566367316,7
China,Dietary risks,1994,93.74058808,3
China,Occupational risks,1994,35.14644101,4
Switzerland,Unsafe water source,1994,0.03032552,8
Switzerland,Air pollution,1994,47.90316569,4
Switzerland,Lead exposure,1994,5.338569932,7
Switzerland,Smoking,1994,157.4813515,2
Switzerland,Alcohol use,1994,56.92924234,3
Switzerland,Drug use,1994,8.970488964,6
Switzerland,Dietary risks,1994,158.2453009,1
Switzerland,Occupational risks,1994,24.09585856,5
Switzerland,Unsafe water source,1991,0.038170671,8
Switzerland,Air pollution,1991,53.19952436,4
Switzerland,Lead exposure,1991,5.271771583,7
Switzerland,Smoking,1991,170.3610396,1
Switzerland,Alcohol use,1991,61.51833245,3
Switzerland,Drug use,1991,8.122765613,6
Switzerland,Dietary risks,1991,163.6457532,2
Switzerland,Occupational risks,1991,27.28143677,5
United States of America,Unsafe water source,1994,0.04594009,8
United States of America,Air pollution,1994,39.69179664,3
United States of America,Lead exposure,1994,9.496121852,7
United States of America,Smoking,1994,196.9301058,1
United States of America,Alcohol use,1994,29.06426688,4
United States of America,Drug use,1994,12.09015767,6
United States of America,Dietary risks,1994,152.7397675,2
United States of America,Occupational risks,1994,22.64054347,5
Japan,Unsafe water source,1990,0.148520227,8
Japan,Air pollution,1990,25.07063249,4
Japan,Lead exposure,1990,2.95157788,7
Japan,Smoking,1990,138.9068124,1
Japan,Alcohol use,1990,34.97535966,3
Japan,Drug use,1990,4.86652197,6
Japan,Dietary risks,1990,98.7602114,2
Japan,Occupational risks,1990,14.03522436,5
World,Unsafe water source,1991,45.11424265,4
World,Air pollution,1991,119.7222466,1
World,Lead exposure,1991,9.988437012,7
World,Smoking,1991,109.8884102,2
World,Alcohol use,1991,30.85142698,5
World,Drug use,1991,4.646613829,8
World,Dietary risks,1991,100.831266,3
World,Occupational risks,1991,21.18470243,6
Malaysia,Unsafe water source,1992,3.519676033,6
Malaysia,Air pollution,1992,39.52949308,3
Malaysia,Lead exposure,1992,3.135361302,7
Malaysia,Smoking,1992,65.48814655,2
Malaysia,Alcohol use,1992,12.095229,4
Malaysia,Drug use,1992,2.185593592,8
Malaysia,Dietary risks,1992,76.98600373,1
Malaysia,Occupational risks,1992,10.84505367,5
Japan,Unsafe water source,1992,0.147941244,8
Japan,Air pollution,1992,25.15282627,4
Japan,Lead exposure,1992,2.958670993,7
Japan,Smoking,1992,143.4404405,1
Japan,Alcohol use,1992,36.68828651,3
Japan,Drug use,1992,5.35325049,6
Japan,Dietary risks,1992,99.20862605,2
Japan,Occupational risks,1992,14.5280226,5
China,Unsafe water source,1992,5.248662408,8
China,Air pollution,1992,156.5748014,1
China,Lead exposure,1992,13.84174635,6
China,Smoking,1992,134.4987866,2
China,Alcohol use,1992,30.5355916,5
China,Drug use,1992,8.130935305,7
China,Dietary risks,1992,95.14779538,3
China,Occupational risks,1992,35.68111587,4
World,Unsafe water source,1992,43.98888856,4
World,Air pollution,1992,118.3528651,1
World,Lead exposure,1992,10.0821202,7
World,Smoking,1992,110.4566906,2
World,Alcohol use,1992,31.2526146,5
World,Drug use,1992,4.884063346,8
World,Dietary risks,1992,101.005113,3
World,Occupational risks,1992,21.11833127,6
Switzerland,Unsafe water source,1992,0.036960721,8
Switzerland,Air pollution,1992,51.20990048,4
Switzerland,Lead exposure,1992,5.255651895,7
Switzerland,Smoking,1992,165.6786321,1
Switzerland,Alcohol use,1992,59.67493557,3
Switzerland,Drug use,1992,8.472276869,6
Switzerland,Dietary risks,1992,160.6577122,2
Switzerland,Occupational risks,1992,26.17867731,5
United States of America,Unsafe water source,1991,0.035562631,8
United States of America,Air pollution,1991,40.20561601,3
United States of America,Lead exposure,1991,9.76667609,7
United States of America,Smoking,1991,200.5460672,1
United States of America,Alcohol use,1991,29.54717568,4
United States of America,Drug use,1991,10.23613425,6
United States of America,Dietary risks,1991,155.7032829,2
United States of America,Occupational risks,1991,22.0858701,5
India,Unsafe water source,1991,107.0809496,2
India,Air pollution,1991,153.8180978,1
India,Lead exposure,1991,13.77449516,7
India,Smoking,1991,75.97730044,3
India,Alcohol use,1991,20.57812024,6
India,Drug use,1991,3.618089408,8
India,Dietary risks,1991,63.78327498,4
India,Occupational risks,1991,21.26743728,5
United States of America,Unsafe water source,1992,0.037938792,8
United States of America,Air pollution,1992,39.50010395,3
United States of America,Lead exposure,1992,9.568586347,7
United States of America,Smoking,1992,197.5159392,1
United States of America,Alcohol use,1992,29.04795851,4
United States of America,Drug use,1992,10.76892648,6
United States of America,Dietary risks,1992,152.7650095,2
United States of America,Occupational risks,1992,22.04655606,5
India,Unsafe water source,1992,107.0936452,2
India,Air pollution,1992,151.3071751,1
India,Lead exposure,1992,13.94645518,7
India,Smoking,1992,75.89583714,3
India,Alcohol use,1992,20.54802668,6
India,Drug use,1992,3.686586618,8
India,Dietary risks,1992,63.98897793,4
India,Occupational risks,1992,21.38445048,5
United Kingdom,Unsafe water source,1992,0.016821204,8
United Kingdom,Air pollution,1992,69.18630025,3
United Kingdom,Lead exposure,1992,7.732152707,6
United Kingdom,Smoking,1992,304.9691705,1
United Kingdom,Alcohol use,1992,16.86749406,5
United Kingdom,Drug use,1992,3.286433315,7
United Kingdom,Dietary risks,1992,232.9399423,2
United Kingdom,Occupational risks,1992,38.96426315,4
United States of America,Unsafe water source,1993,0.042001908,8
United States of America,Air pollution,1993,39.84867112,3
United States of America,Lead exposure,1993,9.612652504,7
United States of America,Smoking,1993,198.8261799,1
United States of America,Alcohol use,1993,29.20913681,4
United States of America,Drug use,1993,11.50031863,6
United States of America,Dietary risks,1993,154.0700388,2
United States of America,Occupational risks,1993,22.56568047,5
United Kingdom,Unsafe water source,1993,0.01913688,8
United Kingdom,Air pollution,1993,68.1973242,3
United Kingdom,Lead exposure,1993,7.687637604,6
United Kingdom,Smoking,1993,303.7994931,1
United Kingdom,Alcohol use,1993,18.45943815,5
United Kingdom,Drug use,1993,3.459544238,7
United Kingdom,Dietary risks,1993,229.5586282,2
United Kingdom,Occupational risks,1993,38.8533795,4
World,Unsafe water source,1997,36.70723978,4
World,Air pollution,1997,110.6557444,1
World,Lead exposure,1997,10.53240703,7
World,Smoking,1997,109.8578747,2
World,Alcohol use,1997,31.70969898,5
World,Drug use,1997,5.83761038,8
World,Dietary risks,1997,99.8879133,3
World,Occupational risks,1997,19.86343134,6
Malaysia,Unsafe water source,1993,3.456252095,6
Malaysia,Air pollution,1993,38.24618693,3
Malaysia,Lead exposure,1993,3.166346415,7
Malaysia,Smoking,1993,65.56872694,2
Malaysia,Alcohol use,1993,12.14166091,4
Malaysia,Drug use,1993,2.83276127,8
Malaysia,Dietary risks,1993,77.14949402,1
Malaysia,Occupational risks,1993,10.82995662,5
Japan,Unsafe water source,1997,0.157957018,8
Japan,Air pollution,1997,24.64140609,4
Japan,Lead exposure,1997,2.805577332,7
Japan,Smoking,1997,145.2572709,1
Japan,Alcohol use,1997,37.9521084,3
Japan,Drug use,1997,6.605108699,6
Japan,Dietary risks,1997,94.28693679,2
Japan,Occupational risks,1997,14.79167856,5
Switzerland,Unsafe water source,1993,0.033286077,8
Switzerland,Air pollution,1993,49.23895962,4
Switzerland,Lead exposure,1993,5.269842778,7
Switzerland,Smoking,1993,160.9977709,1
Switzerland,Alcohol use,1993,58.08441739,3
Switzerland,Drug use,1993,8.705376037,6
Switzerland,Dietary risks,1993,158.6238673,2
Switzerland,Occupational risks,1993,24.98739707,5
World,Unsafe water source,1994,40.70730751,4
World,Air pollution,1994,115.5454228,1
World,Lead exposure,1994,10.23053715,7
World,Smoking,1994,112.1260631,2
World,Alcohol use,1994,32.44625453,5
World,Drug use,1994,5.455951781,8
World,Dietary risks,1994,102.7727001,3
World,Occupational risks,1994,20.75461382,6
China,Unsafe water source,1993,4.668709677,8
China,Air pollution,1993,154.4963377,1
China,Lead exposure,1993,13.91641122,6
China,Smoking,1993,136.7201173,2
China,Alcohol use,1993,30.47440702,5
China,Drug use,1993,8.32667731,7
China,Dietary risks,1993,94.87028568,3
China,Occupational risks,1993,35.42208942,4
Japan,Unsafe water source,1994,0.153136724,8
Japan,Air pollution,1994,25.00326592,4
Japan,Lead exposure,1994,2.90413975,7
Japan,Smoking,1994,144.4888493,1
Japan,Alcohol use,1994,37.4488524,3
Japan,Drug use,1994,5.815333754,6
Japan,Dietary risks,1994,97.54373987,2
Japan,Occupational risks,1994,14.55948031,5
India,Unsafe water source,1997,86.1359692,2
India,Air pollution,1997,143.6898836,1
India,Lead exposure,1997,15.24008228,7
India,Smoking,1997,77.67766863,3
India,Alcohol use,1997,20.65770939,5
India,Drug use,1997,4.60780303,8
India,Dietary risks,1997,68.3223793,4
India,Occupational risks,1997,20.09263475,6
Malaysia,Unsafe water source,1995,3.387844261,8
Malaysia,Air pollution,1995,38.05396398,3
Malaysia,Lead exposure,1995,3.432029401,7
Malaysia,Smoking,1995,70.49818439,2
Malaysia,Alcohol use,1995,12.76358268,4
Malaysia,Drug use,1995,4.456178871,6
Malaysia,Dietary risks,1995,81.60348528,1
Malaysia,Occupational risks,1995,11.19912775,5
China,Unsafe water source,1995,3.699752253,8
China,Air pollution,1995,148.384355,1
China,Lead exposure,1995,13.92364559,6
China,Smoking,1995,139.9774813,2
China,Alcohol use,1995,30.37381519,5
China,Drug use,1995,8.740138017,7
China,Dietary risks,1995,93.41265341,3
China,Occupational risks,1995,34.64603274,4
Japan,Unsafe water source,1995,0.159738606,8
Japan,Air pollution,1995,25.32631349,4
Japan,Lead exposure,1995,2.925570427,7
Japan,Smoking,1995,147.1814634,1
Japan,Alcohol use,1995,38.45172031,3
Japan,Drug use,1995,6.184095898,6
Japan,Dietary risks,1995,98.23117841,2
Japan,Occupational risks,1995,14.72181311,5
China,Unsafe water source,1998,2.554251254,8
China,Air pollution,1998,140.8129056,2
China,Lead exposure,1998,14.27454194,6
China,Smoking,1998,144.5646724,1
China,Alcohol use,1998,29.63636955,5
China,Drug use,1998,8.616656368,7
China,Dietary risks,1998,93.94513249,3
China,Occupational risks,1998,32.48276729,4
Malaysia,Unsafe water source,1998,2.48743583,8
Malaysia,Air pollution,1998,32.46079859,3
Malaysia,Lead exposure,1998,3.192999986,7
Malaysia,Smoking,1998,63.81450906,2
Malaysia,Alcohol use,1998,11.71062145,4
Malaysia,Drug use,1998,6.679901071,6
Malaysia,Dietary risks,1998,73.01538347,1
Malaysia,Occupational risks,1998,10.28418583,5
World,Unsafe water source,1995,39.14950366,4
World,Air pollution,1995,113.5880457,1
World,Lead exposure,1995,10.26414987,7
World,Smoking,1995,111.6248417,2
World,Alcohol use,1995,32.43539297,5
World,Drug use,1995,5.67050594,8
World,Dietary risks,1995,101.8880146,3
World,Occupational risks,1995,20.49588736,6
Switzerland,Unsafe water source,1995,0.026407079,8
Switzerland,Air pollution,1995,47.75244305,4
Switzerland,Lead exposure,1995,5.575614713,7
Switzerland,Smoking,1995,158.8532535,2
Switzerland,Alcohol use,1995,56.82717967,3
Switzerland,Drug use,1995,9.432648983,6
Switzerland,Dietary risks,1995,163.1937516,1
Switzerland,Occupational risks,1995,23.83465088,5
India,Unsafe water source,1994,95.02739467,2
India,Air pollution,1994,144.3574341,1
India,Lead exposure,1994,14.0271619,7
India,Smoking,1994,74.466152,3
India,Alcohol use,1994,20.10604214,6
India,Drug use,1994,3.990339633,8
India,Dietary risks,1994,63.66971625,4
India,Occupational risks,1994,20.27969283,5
Switzerland,Unsafe water source,1998,0.018635121,8
Switzerland,Air pollution,1998,42.18783733,4
Switzerland,Lead exposure,1998,5.579452387,7
Switzerland,Smoking,1998,150.2770713,2
Switzerland,Alcohol use,1998,54.28363435,3
Switzerland,Drug use,1998,8.106792215,6
Switzerland,Dietary risks,1998,155.4751252,1
Switzerland,Occupational risks,1998,23.74549079,5
United Kingdom,Unsafe water source,1998,0.036146178,8
United Kingdom,Air pollution,1998,55.94013259,3
United Kingdom,Lead exposure,1998,6.741584282,6
United Kingdom,Smoking,1998,270.6581486,1
United Kingdom,Alcohol use,1998,27.97905701,5
United Kingdom,Drug use,1998,4.996618211,7
United Kingdom,Dietary risks,1998,193.1998843,2
United Kingdom,Occupational risks,1998,35.36754516,4
United States of America,Unsafe water source,1998,0.079845171,8
United States of America,Air pollution,1998,37.87688226,3
United States of America,Lead exposure,1998,8.957998626,7
United States of America,Smoking,1998,186.8794572,1
United States of America,Alcohol use,1998,28.21095627,4
United States of America,Drug use,1998,12.02192999,6
United States of America,Dietary risks,1998,147.4869769,2
United States of America,Occupational risks,1998,22.44315751,5
United States of America,Unsafe water source,1995,0.051006404,8
United States of America,Air pollution,1995,39.56887972,3
United States of America,Lead exposure,1995,9.430777931,7
United States of America,Smoking,1995,196.0284633,1
United States of America,Alcohol use,1995,28.98999635,4
United States of America,Drug use,1995,12.43812028,6
United States of America,Dietary risks,1995,152.3240045,2
United States of America,Occupational risks,1995,22.87624686,5
World,Unsafe water source,1996,37.75937512,4
World,Air pollution,1996,111.8607353,1
World,Lead exposure,1996,10.36518596,7
World,Smoking,1996,110.612562,2
World,Alcohol use,1996,32.05937557,5
World,Drug use,1996,5.781415537,8
World,Dietary risks,1996,100.7383107,3
World,Occupational risks,1996,20.17486949,6
United Kingdom,Unsafe water source,1995,0.023978822,8
United Kingdom,Air pollution,1995,63.62298316,3
United Kingdom,Lead exposure,1995,7.289326891,6
United Kingdom,Smoking,1995,290.7419477,1
United Kingdom,Alcohol use,1995,21.71165703,5
United Kingdom,Drug use,1995,3.984818052,7
United Kingdom,Dietary risks,1995,214.6671492,2
United Kingdom,Occupational risks,1995,37.30682421,4
Switzerland,Unsafe water source,1996,0.022586485,8
Switzerland,Air pollution,1996,45.6193023,4
Switzerland,Lead exposure,1996,5.554602883,7
Switzerland,Smoking,1996,153.8545011,2
Switzerland,Alcohol use,1996,55.44639863,3
Switzerland,Drug use,1996,8.857045729,6
Switzerland,Dietary risks,1996,160.2932449,1
Switzerland,Occupational risks,1996,23.53444372,5
India,Unsafe water source,1995,91.3001266,2
India,Air pollution,1995,140.7847275,1
India,Lead exposure,1995,13.91439,7
India,Smoking,1995,72.88544613,3
India,Alcohol use,1995,19.77802977,6
India,Drug use,1995,4.076579616,8
India,Dietary risks,1995,62.85606647,4
India,Occupational risks,1995,19.86116187,5
United States of America,Unsafe water source,1996,0.057192001,8
United States of America,Air pollution,1996,38.8225653,3
United States of America,Lead exposure,1996,9.240422991,7
United States of America,Smoking,1996,192.3592166,1
United States of America,Alcohol use,1996,28.59313849,4
United States of America,Drug use,1996,12.03921437,6
United States of America,Dietary risks,1996,150.1160116,2
United States of America,Occupational risks,1996,22.6519613,5
India,Unsafe water source,1996,87.65711803,2
India,Air pollution,1996,140.2173859,1
India,Lead exposure,1996,14.3279968,7
India,Smoking,1996,73.98919771,3
India,Alcohol use,1996,19.91824479,5
India,Drug use,1996,4.281631171,8
India,Dietary risks,1996,64.50175177,4
India,Occupational risks,1996,19.73689992,6
United Kingdom,Unsafe water source,1996,0.027522872,8
United Kingdom,Air pollution,1996,61.07048216,3
United Kingdom,Lead exposure,1996,7.102779749,6
United Kingdom,Smoking,1996,283.6915346,1
United Kingdom,Alcohol use,1996,23.50153845,5
United Kingdom,Drug use,1996,4.270713176,7
United Kingdom,Dietary risks,1996,207.3621243,2
United Kingdom,Occupational risks,1996,36.46959538,4
Malaysia,Unsafe water source,1996,2.94776926,8
Malaysia,Air pollution,1996,35.71357948,3
Malaysia,Lead exposure,1996,3.339720564,7
Malaysia,Smoking,1996,68.86820126,2
Malaysia,Alcohol use,1996,12.62444448,4
Malaysia,Drug use,1996,5.273789969,6
Malaysia,Dietary risks,1996,77.8415633,1
Malaysia,Occupational risks,1996,11.00063128,5
China,Unsafe water source,1996,3.284807368,8
China,Air pollution,1996,146.2828279,1
China,Lead exposure,1996,14.05845535,6
China,Smoking,1996,141.6661014,2
China,Alcohol use,1996,30.15617088,5
China,Drug use,1996,8.759251981,7
China,Dietary risks,1996,93.6288252,3
China,Occupational risks,1996,34.00249695,4
Japan,Unsafe water source,1996,0.157879743,8
Japan,Air pollution,1996,24.73522285,4
Japan,Lead exposure,1996,2.846709229,7
Japan,Smoking,1996,145.4855371,1
Japan,Alcohol use,1996,37.81527975,3
Japan,Drug use,1996,6.384640245,6
Japan,Dietary risks,1996,95.77553675,2
Japan,Occupational risks,1996,14.73352172,5
United States of America,Unsafe water source,1997,0.066728665,8
United States of America,Air pollution,1997,38.1694697,3
United States of America,Lead exposure,1997,9.049077393,7
United States of America,Smoking,1997,188.7548956,1
United States of America,Alcohol use,1997,28.30253733,4
United States of America,Drug use,1997,11.67960107,6
United States of America,Dietary risks,1997,148.0448618,2
United States of America,Occupational risks,1997,22.38795517,5
Malaysia,Unsafe water source,1997,2.710654275,8
Malaysia,Air pollution,1997,34.02873757,3
Malaysia,Lead exposure,1997,3.265693863,7
Malaysia,Smoking,1997,66.6992755,2
Malaysia,Alcohol use,1997,12.28877689,4
Malaysia,Drug use,1997,6.037473434,6
Malaysia,Dietary risks,1997,75.16911974,1
Malaysia,Occupational risks,1997,10.71270194,5
China,Unsafe water source,1997,2.873162284,8
China,Air pollution,1997,143.3541305,1
China,Lead exposure,1997,14.13265804,6
China,Smoking,1997,142.6393971,2
China,Alcohol use,1997,29.77798993,5
China,Drug use,1997,8.633083141,7
China,Dietary risks,1997,93.46408062,3
China,Occupational risks,1997,33.15938867,4
United Kingdom,Unsafe water source,1997,0.031363743,8
United Kingdom,Air pollution,1997,58.13082495,3
United Kingdom,Lead exposure,1997,6.881850625,6
United Kingdom,Smoking,1997,275.9028452,1
United Kingdom,Alcohol use,1997,25.6162614,5
United Kingdom,Drug use,1997,4.600296708,7
United Kingdom,Dietary risks,1997,199.1009919,2
United Kingdom,Occupational risks,1997,35.64981369,4
World,Unsafe water source,1998,35.70272243,4
World,Air pollution,1998,108.8238853,2
World,Lead exposure,1998,10.5961119,7
World,Smoking,1998,109.076618,1
World,Alcohol use,1998,31.58936861,5
World,Drug use,1998,5.957191471,8
World,Dietary risks,1998,99.00808088,3
World,Occupational risks,1998,19.56610641,6
World,Unsafe water source,2001,31.97807154,5
World,Air pollution,2001,105.2384337,2
World,Lead exposure,2001,10.89137248,7
World,Smoking,2001,108.5327069,1
World,Alcohol use,2001,32.26566494,4
World,Drug use,2001,6.298068883,8
World,Dietary risks,2001,99.7743649,3
World,Occupational risks,2001,18.87858793,6
Japan,Unsafe water source,1998,0.162750948,8
Japan,Air pollution,1998,25.17273125,4
Japan,Lead exposure,1998,2.830019496,7
Japan,Smoking,1998,148.2552749,1
Japan,Alcohol use,1998,39.00554769,3
Japan,Drug use,1998,6.909043946,6
Japan,Dietary risks,1998,94.9038325,2
Japan,Occupational risks,1998,15.10907353,5
Switzerland,Unsafe water source,1997,0.020391175,8
Switzerland,Air pollution,1997,44.044412,4
Switzerland,Lead exposure,1997,5.570085249,7
Switzerland,Smoking,1997,151.8333588,2
Switzerland,Alcohol use,1997,54.98125857,3
Switzerland,Drug use,1997,8.363372593,6
Switzerland,Dietary risks,1997,158.3638751,1
Switzerland,Occupational risks,1997,23.62762176,5
Japan,Unsafe water source,2001,0.168699316,8
Japan,Air pollution,2001,25.06598438,4
Japan,Lead exposure,2001,2.744524189,7
Japan,Smoking,2001,148.2127623,1
Japan,Alcohol use,2001,38.63688366,3
Japan,Drug use,2001,7.164042143,6
Japan,Dietary risks,2001,91.81783718,2
Japan,Occupational risks,2001,15.72988055,5
India,Unsafe water source,2001,75.68190646,2
India,Air pollution,2001,133.6265304,1
India,Lead exposure,2001,15.12683339,7
India,Smoking,2001,72.91608699,3
India,Alcohol use,2001,20.10220754,5
India,Drug use,2001,5.502804977,8
India,Dietary risks,2001,67.33702448,4
India,Occupational risks,2001,19.1355746,6
World,Unsafe water source,1999,34.55337206,4
World,Air pollution,1999,107.3442094,2
World,Lead exposure,1999,10.62840824,7
World,Smoking,1999,108.9525322,1
World,Alcohol use,1999,31.85722466,5
World,Drug use,1999,6.144020319,8
World,Dietary risks,1999,99.3163732,3
World,Occupational risks,1999,19.33639093,6
India,Unsafe water source,1998,84.19325249,2
India,Air pollution,1998,142.069698,1
India,Lead exposure,1998,15.34114994,7
India,Smoking,1998,76.69792221,3
India,Alcohol use,1998,20.56117849,5
India,Drug use,1998,4.81943167,8
India,Dietary risks,1998,68.40158983,4
India,Occupational risks,1998,19.92122387,6
China,Unsafe water source,2002,1.466817786,8
China,Air pollution,2002,142.473344,2
China,Lead exposure,2002,16.11996276,6
China,Smoking,2002,157.1552655,1
China,Alcohol use,2002,31.02604277,5
China,Drug use,2002,6.966901326,7
China,Dietary risks,2002,107.0550672,3
China,Occupational risks,2002,31.04675972,4
Malaysia,Unsafe water source,2002,2.042623619,8
Malaysia,Air pollution,2002,31.98029218,3
Malaysia,Lead exposure,2002,3.397552929,7
Malaysia,Smoking,2002,64.83569758,2
Malaysia,Alcohol use,2002,9.774832322,5
Malaysia,Drug use,2002,7.905769409,6
Malaysia,Dietary risks,2002,74.82866946,1
Malaysia,Occupational risks,2002,9.846867091,4
Switzerland,Unsafe water source,1999,0.018524815,8
Switzerland,Air pollution,1999,40.16034322,4
Switzerland,Lead exposure,1999,5.575142086,7
Switzerland,Smoking,1999,147.0529538,2
Switzerland,Alcohol use,1999,53.66986051,3
Switzerland,Drug use,1999,7.902482583,6
Switzerland,Dietary risks,1999,152.2535813,1
Switzerland,Occupational risks,1999,23.36027108,5
United States of America,Unsafe water source,1999,0.103872436,8
United States of America,Air pollution,1999,37.63059311,3
United States of America,Lead exposure,1999,8.920970196,7
United States of America,Smoking,1999,186.1438427,1
United States of America,Alcohol use,1999,28.30355421,4
United States of America,Drug use,1999,12.81999308,6
United States of America,Dietary risks,1999,148.2933822,2
United States of America,Occupational risks,1999,22.59114052,5
India,Unsafe water source,1999,81.77728714,2
India,Air pollution,1999,136.7521595,1
India,Lead exposure,1999,14.8668625,7
India,Smoking,1999,73.38789739,3
India,Alcohol use,1999,20.372759,5
India,Drug use,1999,5.029689018,8
India,Dietary risks,1999,66.41188746,4
India,Occupational risks,1999,19.37609306,6
Switzerland,Unsafe water source,2002,0.021053159,8
Switzerland,Air pollution,2002,34.66971858,4
Switzerland,Lead exposure,2002,5.438681208,7
Switzerland,Smoking,2002,139.5658737,2
Switzerland,Alcohol use,2002,52.2888683,3
Switzerland,Drug use,2002,7.616064475,6
Switzerland,Dietary risks,2002,141.8232731,1
Switzerland,Occupational risks,2002,22.94636861,5
Malaysia,Unsafe water source,1999,2.290756409,8
Malaysia,Air pollution,1999,34.89268112,3
Malaysia,Lead exposure,1999,3.550042109,7
Malaysia,Smoking,1999,69.78426846,2
Malaysia,Alcohol use,1999,12.20024442,4
Malaysia,Drug use,1999,7.340163888,6
Malaysia,Dietary risks,1999,80.27055575,1
Malaysia,Occupational risks,1999,10.43492003,5
United Kingdom,Unsafe water source,2002,0.070045266,8
United Kingdom,Air pollution,2002,45.4197075,3
United Kingdom,Lead exposure,2002,5.898408674,6
United Kingdom,Smoking,2002,240.1512294,1
United Kingdom,Alcohol use,2002,34.45305885,4
United Kingdom,Drug use,2002,5.792793207,7
United Kingdom,Dietary risks,2002,165.3256234,2
United Kingdom,Occupational risks,2002,33.37304769,5
United States of America,Unsafe water source,2002,0.144330371,8
United States of America,Air pollution,2002,34.85071824,3
United States of America,Lead exposure,2002,8.380219381,7
United States of America,Smoking,2002,178.9661664,1
United States of America,Alcohol use,2002,30.27398532,4
United States of America,Drug use,2002,15.41910037,6
United States of America,Dietary risks,2002,142.733433,2
United States of America,Occupational risks,2002,22.20384587,5
United Kingdom,Unsafe water source,1999,0.041938358,8
United Kingdom,Air pollution,1999,53.64253401,3
United Kingdom,Lead exposure,1999,6.599447991,6
United Kingdom,Smoking,1999,265.6473127,1
United Kingdom,Alcohol use,1999,30.30546814,5
United Kingdom,Drug use,1999,5.368091475,7
United Kingdom,Dietary risks,1999,187.1925636,2
United Kingdom,Occupational risks,1999,35.12264266,4
China,Unsafe water source,1999,2.246344618,8
China,Air pollution,1999,140.8794432,2
China,Lead exposure,1999,14.65993432,6
China,Smoking,1999,147.6843503,1
China,Alcohol use,1999,29.77675674,5
China,Drug use,1999,8.468688588,7
China,Dietary risks,1999,96.08854658,3
China,Occupational risks,1999,32.1247781,4
Japan,Unsafe water source,1999,0.168061701,8
Japan,Air pollution,1999,25.67069778,4
Japan,Lead exposure,1999,2.844281998,7
Japan,Smoking,1999,150.4296248,1
Japan,Alcohol use,1999,39.62905669,3
Japan,Drug use,1999,7.129510625,6
Japan,Dietary risks,1999,95.13793897,2
Japan,Occupational risks,1999,15.52824939,5
Malaysia,Unsafe water source,2000,2.105169811,8
Malaysia,Air pollution,2000,32.42620451,3
Malaysia,Lead exposure,2000,3.390218121,7
Malaysia,Smoking,2000,66.07923869,2
Malaysia,Alcohol use,2000,11.15379302,4
Malaysia,Drug use,2000,7.684316764,6
Malaysia,Dietary risks,2000,75.63941185,1
Malaysia,Occupational risks,2000,10.09622542,5
United States of America,Unsafe water source,2000,0.130319122,8
United States of America,Air pollution,2000,36.69243973,3
United States of America,Lead exposure,2000,8.75546186,7
United States of America,Smoking,2000,183.7328479,1
United States of America,Alcohol use,2000,28.67210169,4
United States of America,Drug use,2000,13.54013631,6
United States of America,Dietary risks,2000,146.6023406,2
United States of America,Occupational risks,2000,22.54644954,5
United Kingdom,Unsafe water source,2000,0.048976812,8
United Kingdom,Air pollution,2000,50.22253058,3
United Kingdom,Lead exposure,2000,6.281154198,6
United Kingdom,Smoking,2000,254.3099192,1
United Kingdom,Alcohol use,2000,31.71355345,5
United Kingdom,Drug use,2000,5.524770533,7
United Kingdom,Dietary risks,2000,177.4312642,2
United Kingdom,Occupational risks,2000,33.9701084,4
China,Unsafe water source,2000,1.9691918,8
China,Air pollution,2000,142.2158976,2
China,Lead exposure,2000,15.25837571,6
China,Smoking,2000,152.4960383,1
China,Alcohol use,2000,30.38294736,5
China,Drug use,2000,8.275452983,7
China,Dietary risks,2000,100.1031907,3
China,Occupational risks,2000,31.93735504,4
Japan,Unsafe water source,2000,0.169616308,8
Japan,Air pollution,2000,25.35629682,4
Japan,Lead exposure,2000,2.778119746,7
Japan,Smoking,2000,148.7783132,1
Japan,Alcohol use,2000,39.01681415,3
Japan,Drug use,2000,7.141765205,6
Japan,Dietary risks,2000,92.93941416,2
Japan,Occupational risks,2000,15.62566427,5
World,Unsafe water source,2000,33.30103958,4
World,Air pollution,2000,106.3794644,2
World,Lead exposure,2000,10.75691016,7
World,Smoking,2000,109.026115,1
World,Alcohol use,2000,32.15029283,5
World,Drug use,2000,6.287467838,8
World,Dietary risks,2000,99.57492397,3
World,Occupational risks,2000,19.16205591,6
Malaysia,Unsafe water source,2001,2.1183775,8
Malaysia,Air pollution,2001,31.96890049,3
Malaysia,Lead exposure,2001,3.389727744,7
Malaysia,Smoking,2001,65.59153947,2
Malaysia,Alcohol use,2001,10.46130717,4
Malaysia,Drug use,2001,7.963304785,6
Malaysia,Dietary risks,2001,74.83877549,1
Malaysia,Occupational risks,2001,10.03850101,5
Switzerland,Unsafe water source,2000,0.018851509,8
Switzerland,Air pollution,2000,38.16670158,4
Switzerland,Lead exposure,2000,5.570813684,7
Switzerland,Smoking,2000,144.7686335,2
Switzerland,Alcohol use,2000,53.91718714,3
Switzerland,Drug use,2000,7.955945212,6
Switzerland,Dietary risks,2000,149.4329174,1
Switzerland,Occupational risks,2000,23.32889774,5
China,Unsafe water source,2001,1.702350623,8
China,Air pollution,2001,141.9580392,2
China,Lead exposure,2001,15.64499321,6
China,Smoking,2001,154.7078,1
China,Alcohol use,2001,30.60157929,5
China,Drug use,2001,7.682177107,7
China,Dietary risks,2001,103.120794,3
China,Occupational risks,2001,31.4078044,4
India,Unsafe water source,2000,78.97472262,2
India,Air pollution,2000,134.4416385,1
India,Lead exposure,2000,14.88893992,7
India,Smoking,2000,72.94430534,3
India,Alcohol use,2000,20.20689013,5
India,Drug use,2000,5.254383587,8
India,Dietary risks,2000,66.37602268,4
India,Occupational risks,2000,19.26749158,6
Switzerland,Unsafe water source,2001,0.019213861,8
Switzerland,Air pollution,2001,35.78018198,4
Switzerland,Lead exposure,2001,5.459998006,7
Switzerland,Smoking,2001,141.1345012,2
Switzerland,Alcohol use,2001,52.90332889,3
Switzerland,Drug use,2001,7.825603055,6
Switzerland,Dietary risks,2001,144.0276283,1
Switzerland,Occupational risks,2001,23.19391141,5
World,Unsafe water source,2002,30.63383337,5
World,Air pollution,2002,104.3904747,2
World,Lead exposure,2002,11.04609462,7
World,Smoking,2002,108.4884098,1
World,Alcohol use,2002,32.65854686,4
World,Drug use,2002,6.288646863,8
World,Dietary risks,2002,100.6116519,3
World,Occupational risks,2002,18.68007586,6
United States of America,Unsafe water source,2001,0.137251854,8
United States of America,Air pollution,2001,35.74815465,3
United States of America,Lead exposure,2001,8.565480335,7
United States of America,Smoking,2001,181.118071,1
United States of America,Alcohol use,2001,29.41641762,4
United States of America,Drug use,2001,14.37965355,6
United States of America,Dietary risks,2001,144.6004575,2
United States of America,Occupational risks,2001,22.27854507,5
United Kingdom,Unsafe water source,2001,0.057975932,8
United Kingdom,Air pollution,2001,47.00794953,3
United Kingdom,Lead exposure,2001,6.043782666,6
United Kingdom,Smoking,2001,244.4007177,1
United Kingdom,Alcohol use,2001,32.84256114,5
United Kingdom,Drug use,2001,5.687858198,7
United Kingdom,Dietary risks,2001,169.7815633,2
United Kingdom,Occupational risks,2001,33.26021681,4
World,Unsafe water source,2005,26.93829765,5
World,Air pollution,2005,99.92208358,2
World,Lead exposure,2005,11.08040954,7
World,Smoking,2005,105.9997357,1
World,Alcohol use,2005,33.29239629,4
World,Drug use,2005,6.351348357,8
World,Dietary risks,2005,99.72525382,3
World,Occupational risks,2005,17.88951978,6
India,Unsafe water source,2002,72.21653384,2
India,Air pollution,2002,131.7663288,1
India,Lead exposure,2002,15.20833022,7
India,Smoking,2002,72.02482791,3
India,Alcohol use,2002,20.02511813,5
India,Drug use,2002,5.714660175,8
India,Dietary risks,2002,67.71071622,4
India,Occupational risks,2002,18.85489222,6
Japan,Unsafe water source,2005,0.245291805,8
Japan,Air pollution,2005,25.21989628,4
Japan,Lead exposure,2005,2.845277663,7
Japan,Smoking,2005,155.6060336,1
Japan,Alcohol use,2005,38.79181525,3
Japan,Drug use,2005,7.617539504,6
Japan,Dietary risks,2005,94.79314157,2
Japan,Occupational risks,2005,17.898021,5
Japan,Unsafe water source,2002,0.180346951,8
Japan,Air pollution,2002,24.83588324,4
Japan,Lead exposure,2002,2.7404158,7
Japan,Smoking,2002,148.5960734,1
Japan,Alcohol use,2002,38.35975001,3
Japan,Drug use,2002,7.227945309,6
Japan,Dietary risks,2002,91.52874315,2
Japan,Occupational risks,2002,15.95486333,5
India,Unsafe water source,2005,63.06996159,4
India,Air pollution,2005,121.4331241,1
India,Lead exposure,2005,14.41394213,7
India,Smoking,2005,66.3415804,2
India,Alcohol use,2005,19.81254148,5
India,Drug use,2005,6.083127918,8
India,Dietary risks,2005,64.7864783,3
India,Occupational risks,2005,17.64221097,6
Malaysia,Unsafe water source,2003,1.858885904,8
Malaysia,Air pollution,2003,32.51152682,3
Malaysia,Lead exposure,2003,3.437738594,7
Malaysia,Smoking,2003,66.02133664,2
Malaysia,Alcohol use,2003,9.507591563,5
Malaysia,Drug use,2003,7.545341285,6
Malaysia,Dietary risks,2003,75.29099281,1
Malaysia,Occupational risks,2003,9.692596694,4
United States of America,Unsafe water source,2003,0.14823581,8
United States of America,Air pollution,2003,33.39925825,3
United States of America,Lead exposure,2003,8.121315903,7
United States of America,Smoking,2003,175.4822393,1
United States of America,Alcohol use,2003,31.04720653,4
United States of America,Drug use,2003,16.34475286,6
United States of America,Dietary risks,2003,139.4120247,2
United States of America,Occupational risks,2003,21.91326529,5
China,Unsafe water source,2006,0.763393672,8
China,Air pollution,2006,137.3420299,2
China,Lead exposure,2006,16.81404755,6
China,Smoking,2006,156.987483,1
China,Alcohol use,2006,31.4262318,4
China,Drug use,2006,5.358841641,7
China,Dietary risks,2006,114.884584,3
China,Occupational risks,2006,28.16083323,5
Malaysia,Unsafe water source,2006,1.904683534,8
Malaysia,Air pollution,2006,31.66327851,3
Malaysia,Lead exposure,2006,3.314215951,7
Malaysia,Smoking,2006,64.68512019,2
Malaysia,Alcohol use,2006,8.500073078,5
Malaysia,Drug use,2006,6.631679785,6
Malaysia,Dietary risks,2006,72.6722355,1
Malaysia,Occupational risks,2006,8.915307908,4
China,Unsafe water source,2003,1.275674249,8
China,Air pollution,2003,143.0353383,2
China,Lead exposure,2003,16.52415719,6
China,Smoking,2003,159.213863,1
China,Alcohol use,2003,31.46519402,4
China,Drug use,2003,6.253835123,7
China,Dietary risks,2003,110.8700355,3
China,Occupational risks,2003,30.66438949,5
United Kingdom,Unsafe water source,2003,0.083850559,8
United Kingdom,Air pollution,2003,43.27831837,3
United Kingdom,Lead exposure,2003,5.657145595,7
United Kingdom,Smoking,2003,235.0088666,1
United Kingdom,Alcohol use,2003,35.83016811,4
United Kingdom,Drug use,2003,5.848025425,6
United Kingdom,Dietary risks,2003,159.1403447,2
United Kingdom,Occupational risks,2003,33.55229856,5
Japan,Unsafe water source,2003,0.199279239,8
Japan,Air pollution,2003,24.92829581,4
Japan,Lead exposure,2003,2.768973815,7
Japan,Smoking,2003,151.0968288,1
Japan,Alcohol use,2003,38.68272897,3
Japan,Drug use,2003,7.392725414,6
Japan,Dietary risks,2003,92.37125209,2
Japan,Occupational risks,2003,16.594823,5
World,Unsafe water source,2003,29.27962413,5
World,Air pollution,2003,102.9722134,2
World,Lead exposure,2003,11.09531134,7
World,Smoking,2003,107.9486017,1
World,Alcohol use,2003,32.95563173,4
World,Drug use,2003,6.269366446,8
World,Dietary risks,2003,100.6773681,3
World,Occupational risks,2003,18.46671944,6
Switzerland,Unsafe water source,2006,0.030416839,8
Switzerland,Air pollution,2006,28.83678341,4
Switzerland,Lead exposure,2006,5.058000375,7
Switzerland,Smoking,2006,130.3402406,1
Switzerland,Alcohol use,2006,49.15252419,3
Switzerland,Drug use,2006,7.077425256,6
Switzerland,Dietary risks,2006,126.131664,2
Switzerland,Occupational risks,2006,23.40656718,5
United Kingdom,Unsafe water source,2006,0.124504525,8
United Kingdom,Air pollution,2006,35.96217695,4
United Kingdom,Lead exposure,2006,4.722061518,7
United Kingdom,Smoking,2006,210.6062547,1
United Kingdom,Alcohol use,2006,37.54645374,3
United Kingdom,Drug use,2006,6.364269868,6
United Kingdom,Dietary risks,2006,135.6095638,2
United Kingdom,Occupational risks,2006,32.68393293,5
United States of America,Unsafe water source,2006,0.161094706,8
United States of America,Air pollution,2006,29.57581381,4
United States of America,Lead exposure,2006,7.340822961,7
United States of America,Smoking,2006,164.5431395,1
United States of America,Alcohol use,2006,33.0109062,3
United States of America,Drug use,2006,18.48451432,6
United States of America,Dietary risks,2006,128.3530068,2
United States of America,Occupational risks,2006,21.08249737,5
China,Unsafe water source,2004,1.099780583,8
China,Air pollution,2004,144.6255563,2
China,Lead exposure,2004,17.01884011,6
China,Smoking,2004,162.756267,1
China,Alcohol use,2004,32.1622135,4
China,Drug use,2004,5.820502741,7
China,Dietary risks,2004,115.1152042,3
China,Occupational risks,2004,30.36201592,5
Malaysia,Unsafe water source,2004,1.836259154,8
Malaysia,Air pollution,2004,32.0074388,3
Malaysia,Lead exposure,2004,3.363684566,7
Malaysia,Smoking,2004,65.06391981,2
Malaysia,Alcohol use,2004,9.059186448,5
Malaysia,Drug use,2004,7.1154902,6
Malaysia,Dietary risks,2004,73.57260924,1
Malaysia,Occupational risks,2004,9.395112162,4
United Kingdom,Unsafe water source,2004,0.096724299,8
United Kingdom,Air pollution,2004,40.14032694,3
United Kingdom,Lead exposure,2004,5.279370953,7
United Kingdom,Smoking,2004,224.9366947,1
United Kingdom,Alcohol use,2004,36.42390767,4
United Kingdom,Drug use,2004,5.922581234,6
United Kingdom,Dietary risks,2004,149.1073118,2
United Kingdom,Occupational risks,2004,33.02144929,5
Switzerland,Unsafe water source,2003,0.024179331,8
Switzerland,Air pollution,2003,33.27169472,4
Switzerland,Lead exposure,2003,5.407490792,7
Switzerland,Smoking,2003,138.4116327,2
Switzerland,Alcohol use,2003,51.55111321,3
Switzerland,Drug use,2003,7.337176619,6
Switzerland,Dietary risks,2003,139.4090026,1
Switzerland,Occupational risks,2003,23.29493509,5
India,Unsafe water source,2003,68.79709996,3
India,Air pollution,2003,127.6328508,1
India,Lead exposure,2003,14.91023034,7
India,Smoking,2003,70.13835933,2
India,Alcohol use,2003,19.80295374,5
India,Drug use,2003,5.809937563,8
India,Dietary risks,2003,66.38660575,4
India,Occupational risks,2003,18.4921692,6
World,Unsafe water source,2004,27.8659325,5
World,Air pollution,2004,100.9531598,2
World,Lead exposure,2004,11.01578822,7
World,Smoking,2004,106.4918977,1
World,Alcohol use,2004,33.0003822,4
World,Drug use,2004,6.253658169,8
World,Dietary risks,2004,99.48479406,3
World,Occupational risks,2004,18.11409879,6
Japan,Unsafe water source,2004,0.21812722,8
Japan,Air pollution,2004,24.83084482,4
Japan,Lead exposure,2004,2.779924179,7
Japan,Smoking,2004,152.1378054,1
Japan,Alcohol use,2004,38.48354085,3
Japan,Drug use,2004,7.49765534,6
Japan,Dietary risks,2004,92.76838827,2
Japan,Occupational risks,2004,17.09193384,5
Switzerland,Unsafe water source,2004,0.025556724,8
Switzerland,Air pollution,2004,31.16774842,4
Switzerland,Lead exposure,2004,5.228096888,7
Switzerland,Smoking,2004,134.5605479,1
Switzerland,Alcohol use,2004,50.34439407,3
Switzerland,Drug use,2004,7.116995064,6
Switzerland,Dietary risks,2004,133.1795803,2
Switzerland,Occupational risks,2004,23.1046309,5
China,Unsafe water source,2005,0.925380834,8
China,Air pollution,2005,142.6818472,2
China,Lead exposure,2005,17.15031386,6
China,Smoking,2005,162.3599123,1
China,Alcohol use,2005,32.05915718,4
China,Drug use,2005,5.587214701,7
China,Dietary risks,2005,116.5368384,3
China,Occupational risks,2005,29.55591934,5
United States of America,Unsafe water source,2004,0.150654876,8
United States of America,Air pollution,2004,31.6300944,3
United States of America,Lead exposure,2004,7.74663443,7
United States of America,Smoking,2004,169.8434719,1
United States of America,Alcohol use,2004,31.3860522,4
United States of America,Drug use,2004,16.97188549,6
United States of America,Dietary risks,2004,133.8175195,2
United States of America,Occupational risks,2004,21.33987562,5
India,Unsafe water source,2004,64.87812189,3
India,Air pollution,2004,120.8267847,1
India,Lead exposure,2004,14.12238134,7
India,Smoking,2004,65.61204225,2
India,Alcohol use,2004,19.35347424,5
India,Drug use,2004,5.88090385,8
India,Dietary risks,2004,63.15874725,4
India,Occupational risks,2004,17.62924749,6
Switzerland,Unsafe water source,2005,0.027361143,8
Switzerland,Air pollution,2005,29.72867454,4
Switzerland,Lead exposure,2005,5.15029173,7
Switzerland,Smoking,2005,132.6540921,1
Switzerland,Alcohol use,2005,49.77544769,3
Switzerland,Drug use,2005,7.075688702,6
Switzerland,Dietary risks,2005,129.6747111,2
Switzerland,Occupational risks,2005,23.42545787,5
World,Unsafe water source,2009,23.69079807,5
World,Air pollution,2009,94.95148671,3
World,Lead exposure,2009,11.2422695,7
World,Smoking,2009,101.0491916,1
World,Alcohol use,2009,32.20220514,4
World,Drug use,2009,6.074389351,8
World,Dietary risks,2009,97.51839118,2
World,Occupational risks,2009,16.95963693,6
United States of America,Unsafe water source,2005,0.155144283,8
United States of America,Air pollution,2005,30.80695917,4
United States of America,Lead exposure,2005,7.590506392,7
United States of America,Smoking,2005,168.0003865,1
United States of America,Alcohol use,2005,32.43547054,3
United States of America,Drug use,2005,17.85271138,6
United States of America,Dietary risks,2005,131.9768487,2
United States of America,Occupational risks,2005,21.36472337,5
Japan,Unsafe water source,2009,0.321195503,8
Japan,Air pollution,2009,24.61861562,4
Japan,Lead exposure,2009,2.828648844,7
Japan,Smoking,2009,157.5490613,1
Japan,Alcohol use,2009,36.49141576,3
Japan,Drug use,2009,7.598286016,6
Japan,Dietary risks,2009,94.92062864,2
Japan,Occupational risks,2009,19.63344468,5
Malaysia,Unsafe water source,2005,1.891135961,8
Malaysia,Air pollution,2005,31.88466798,3
Malaysia,Lead exposure,2005,3.317898043,7
Malaysia,Smoking,2005,64.26510704,2
Malaysia,Alcohol use,2005,8.673045721,5
Malaysia,Drug use,2005,6.807599993,6
Malaysia,Dietary risks,2005,72.73782197,1
Malaysia,Occupational risks,2005,9.149370529,4
United Kingdom,Unsafe water source,2005,0.1116802,8
United Kingdom,Air pollution,2005,37.88288683,3
United Kingdom,Lead exposure,2005,4.98035626,7
United Kingdom,Smoking,2005,217.2553447,1
United Kingdom,Alcohol use,2005,37.03404478,4
United Kingdom,Drug use,2005,6.077421912,6
United Kingdom,Dietary risks,2005,141.7679955,2
United Kingdom,Occupational risks,2005,32.71107821,5
India,Unsafe water source,2009,55.31155378,4
India,Air pollution,2009,120.6601777,1
India,Lead exposure,2009,15.44604603,7
India,Smoking,2009,68.86135648,3
India,Alcohol use,2009,22.08651255,5
India,Drug use,2009,6.078695638,8
India,Dietary risks,2009,72.01157474,2
India,Occupational risks,2009,17.51390423,6
World,Unsafe water source,2006,26.36497946,5
World,Air pollution,2006,98.23675611,2
World,Lead exposure,2006,11.0659198,7
World,Smoking,2006,103.587755,1
World,Alcohol use,2006,32.67629126,4
World,Drug use,2006,6.280265513,8
World,Dietary risks,2006,98.22200983,3
World,Occupational risks,2006,17.5209678,6
Japan,Unsafe water source,2006,0.272688927,8
Japan,Air pollution,2006,24.94532121,4
Japan,Lead exposure,2006,2.836137376,7
Japan,Smoking,2006,155.1900954,1
Japan,Alcohol use,2006,38.09708812,3
Japan,Drug use,2006,7.612179995,6
Japan,Dietary risks,2006,94.53012009,2
Japan,Occupational risks,2006,18.21470828,5
China,Unsafe water source,2010,0.403312601,8
China,Air pollution,2010,137.0892328,2
China,Lead exposure,2010,18.46531331,6
China,Smoking,2010,159.2936466,1
China,Alcohol use,2010,33.66040872,4
China,Drug use,2010,4.950226206,7
China,Dietary risks,2010,126.3433745,3
China,Occupational risks,2010,26.48366111,5
Malaysia,Unsafe water source,2010,2.365355715,8
Malaysia,Air pollution,2010,31.56233225,3
Malaysia,Lead exposure,2010,3.388639547,7
Malaysia,Smoking,2010,69.87691432,2
Malaysia,Alcohol use,2010,8.783335243,4
Malaysia,Drug use,2010,6.53201074,6
Malaysia,Dietary risks,2010,74.10755111,1
Malaysia,Occupational risks,2010,8.367018773,5
Switzerland,Unsafe water source,2010,0.048719675,8
Switzerland,Air pollution,2010,26.83397428,4
Switzerland,Lead exposure,2010,4.721577663,7
Switzerland,Smoking,2010,122.9785947,1
Switzerland,Alcohol use,2010,47.41485165,3
Switzerland,Drug use,2010,6.810231699,6
Switzerland,Dietary risks,2010,113.2418339,2
Switzerland,Occupational risks,2010,23.42063565,5
United Kingdom,Unsafe water source,2010,0.092687377,8
United Kingdom,Air pollution,2010,29.84728784,5
United Kingdom,Lead exposure,2010,3.955766743,7
United Kingdom,Smoking,2010,186.9122722,1
United Kingdom,Alcohol use,2010,36.86392528,3
United Kingdom,Drug use,2010,6.891134512,6
United Kingdom,Dietary risks,2010,117.4082077,2
United Kingdom,Occupational risks,2010,32.31912987,4
United States of America,Unsafe water source,2010,0.13254775,8
United States of America,Air pollution,2010,22.97335217,4
United States of America,Lead exposure,2010,6.594672756,7
United States of America,Smoking,2010,154.5777133,1
United States of America,Alcohol use,2010,35.3006481,3
United States of America,Drug use,2010,20.27337824,6
United States of America,Dietary risks,2010,118.1964849,2
United States of America,Occupational risks,2010,20.50014323,5
Malaysia,Unsafe water source,2007,1.923389109,8
Malaysia,Air pollution,2007,31.19344144,3
Malaysia,Lead exposure,2007,3.305679666,7
Malaysia,Smoking,2007,65.43504441,2
Malaysia,Alcohol use,2007,8.403466914,5
Malaysia,Drug use,2007,6.516112821,6
Malaysia,Dietary risks,2007,72.36218764,1
Malaysia,Occupational risks,2007,8.716772249,4
China,Unsafe water source,2007,0.632943933,8
China,Air pollution,2007,134.543921,2
China,Lead exposure,2007,16.83354082,6
China,Smoking,2007,154.7023419,1
China,Alcohol use,2007,31.55795845,4
China,Drug use,2007,5.192040956,7
China,Dietary risks,2007,115.3113305,3
China,Occupational risks,2007,27.25285733,5
United Kingdom,Unsafe water source,2007,0.127638756,8
United Kingdom,Air pollution,2007,34.60921301,4
United Kingdom,Lead exposure,2007,4.505601621,7
United Kingdom,Smoking,2007,204.7533632,1
United Kingdom,Alcohol use,2007,37.61466311,3
United Kingdom,Drug use,2007,6.631610131,6
United Kingdom,Dietary risks,2007,130.4999014,2
United Kingdom,Occupational risks,2007,32.74190691,5
China,Unsafe water source,2008,0.537427681,8
China,Air pollution,2008,134.8450112,2
China,Lead exposure,2008,17.24738146,6
China,Smoking,2008,155.4147332,1
China,Alcohol use,2008,32.59054897,4
China,Drug use,2008,5.150908303,7
China,Dietary risks,2008,118.1118032,3
China,Occupational risks,2008,26.91733591,5
Japan,Unsafe water source,2007,0.292265359,8
Japan,Air pollution,2007,24.83886053,4
Japan,Lead exposure,2007,2.83964841,7
Japan,Smoking,2007,156.2857884,1
Japan,Alcohol use,2007,37.59869241,3
Japan,Drug use,2007,7.633223651,6
Japan,Dietary risks,2007,94.70570591,2
Japan,Occupational risks,2007,18.75001347,5
World,Unsafe water source,2007,25.58915472,5
World,Air pollution,2007,96.94988269,3
World,Lead exposure,2007,11.09646879,7
World,Smoking,2007,102.3154836,1
World,Alcohol use,2007,32.44754751,4
World,Drug use,2007,6.223612696,8
World,Dietary risks,2007,97.60161657,2
World,Occupational risks,2007,17.28305175,6
India,Unsafe water source,2006,61.93583457,4
India,Air pollution,2006,123.4244852,1
India,Lead exposure,2006,14.97646664,7
India,Smoking,2006,68.01115676,2
India,Alcohol use,2006,20.36512723,5
India,Drug use,2006,6.16095879,8
India,Dietary risks,2006,67.86846088,3
India,Occupational risks,2006,17.86065455,6
Japan,Unsafe water source,2008,0.308676695,8
Japan,Air pollution,2008,24.79958645,4
Japan,Lead exposure,2008,2.840473155,7
Japan,Smoking,2008,157.1482315,1
Japan,Alcohol use,2008,37.02764704,3
Japan,Drug use,2008,7.625477744,6
Japan,Dietary risks,2008,94.98343912,2
Japan,Occupational risks,2008,19.21813273,5
World,Unsafe water source,2008,24.84650466,5
World,Air pollution,2008,96.43811554,3
World,Lead exposure,2008,11.21911886,7
World,Smoking,2008,102.1471301,1
World,Alcohol use,2008,32.67464356,4
World,Drug use,2008,6.203853911,8
World,Dietary risks,2008,97.98605114,2
World,Occupational risks,2008,17.18848296,6
Switzerland,Unsafe water source,2007,0.033430026,8
Switzerland,Air pollution,2007,28.29143908,4
Switzerland,Lead exposure,2007,4.974966184,7
Switzerland,Smoking,2007,128.5165432,1
Switzerland,Alcohol use,2007,48.78811903,3
Switzerland,Drug use,2007,7.046323138,6
Switzerland,Dietary risks,2007,122.8869853,2
Switzerland,Occupational risks,2007,23.47816375,5
Switzerland,Unsafe water source,2008,0.038563498,8
Switzerland,Air pollution,2008,27.7044123,4
Switzerland,Lead exposure,2008,4.885012617,7
Switzerland,Smoking,2008,126.0611007,1
Switzerland,Alcohol use,2008,48.11294477,3
Switzerland,Drug use,2008,7.003466911,6
Switzerland,Dietary risks,2008,119.3777615,2
Switzerland,Occupational risks,2008,23.29349484,5
Malaysia,Unsafe water source,2008,1.99427041,8
Malaysia,Air pollution,2008,31.65343582,3
Malaysia,Lead exposure,2008,3.401504322,7
Malaysia,Smoking,2008,68.51526305,2
Malaysia,Alcohol use,2008,8.620814187,5
Malaysia,Drug use,2008,6.474489145,6
Malaysia,Dietary risks,2008,74.32292576,1
Malaysia,Occupational risks,2008,8.696843677,4
India,Unsafe water source,2007,60.58399414,4
India,Air pollution,2007,124.5393607,1
India,Lead exposure,2007,15.40979155,7
India,Smoking,2007,69.29813016,3
India,Alcohol use,2007,21.16966235,5
India,Drug use,2007,6.22106173,8
India,Dietary risks,2007,70.50837626,2
India,Occupational risks,2007,18.00639485,6
United States of America,Unsafe water source,2007,0.158732956,8
United States of America,Air pollution,2007,27.68517411,4
United States of America,Lead exposure,2007,7.089801746,7
United States of America,Smoking,2007,161.1524313,1
United States of America,Alcohol use,2007,33.5541751,3
United States of America,Drug use,2007,18.85116784,6
United States of America,Dietary risks,2007,124.6201165,2
United States of America,Occupational risks,2007,20.88589069,5
United States of America,Unsafe water source,2008,0.153977337,8
United States of America,Air pollution,2008,25.97516785,4
United States of America,Lead exposure,2008,6.939680878,7
United States of America,Smoking,2008,159.9342116,1
United States of America,Alcohol use,2008,34.25856148,3
United States of America,Drug use,2008,19.2926204,6
United States of America,Dietary risks,2008,122.9290767,2
United States of America,Occupational risks,2008,20.99728213,5
World,Unsafe water source,2013,20.18036085,5
World,Air pollution,2013,91.40315157,3
World,Lead exposure,2013,11.50066328,7
World,Smoking,2013,98.6058528,1
World,Alcohol use,2013,31.17772334,4
World,Drug use,2013,5.923782191,8
World,Dietary risks,2013,98.15962645,2
World,Occupational risks,2013,16.21907704,6
India,Unsafe water source,2008,59.28820879,4
India,Air pollution,2008,125.3098744,1
India,Lead exposure,2008,15.76030854,7
India,Smoking,2008,70.82671993,3
India,Alcohol use,2008,22.07586261,5
India,Drug use,2008,6.259889927,8
India,Dietary risks,2008,72.69251986,2
India,Occupational risks,2008,18.18192507,6
United Kingdom,Unsafe water source,2008,0.118490462,8
United Kingdom,Air pollution,2008,33.09250558,4
United Kingdom,Lead exposure,2008,4.321298169,7
United Kingdom,Smoking,2008,199.8315524,1
United Kingdom,Alcohol use,2008,37.69647589,3
United Kingdom,Drug use,2008,6.870553848,6
United Kingdom,Dietary risks,2008,126.4547554,2
United Kingdom,Occupational risks,2008,32.99829452,5
Japan,Unsafe water source,2013,0.394145252,8
Japan,Air pollution,2013,28.79486538,4
Japan,Lead exposure,2013,2.910441503,7
Japan,Smoking,2013,159.3808228,1
Japan,Alcohol use,2013,35.53129878,3
Japan,Drug use,2013,7.576640696,6
Japan,Dietary risks,2013,98.99772397,2
Japan,Occupational risks,2013,21.76343317,5
India,Unsafe water source,2013,47.12527339,4
India,Air pollution,2013,122.9937676,1
India,Lead exposure,2013,16.39707391,7
India,Smoking,2013,72.04856975,3
India,Alcohol use,2013,23.74032344,5
India,Drug use,2013,5.340351568,8
India,Dietary risks,2013,79.00109117,2
India,Occupational risks,2013,17.44775037,6
United States of America,Unsafe water source,2009,0.14302237,8
United States of America,Air pollution,2009,24.2344847,4
United States of America,Lead exposure,2009,6.734873038,7
United States of America,Smoking,2009,157.313307,1
United States of America,Alcohol use,2009,34.8896568,3
United States of America,Drug use,2009,19.81110255,6
United States of America,Dietary risks,2009,120.1840575,2
United States of America,Occupational risks,2009,20.81107864,5
Japan,Unsafe water source,2010,0.339973023,8
Japan,Air pollution,2010,24.89351141,4
Japan,Lead exposure,2010,2.874306837,7
Japan,Smoking,2010,159.4174919,1
Japan,Alcohol use,2010,36.46909446,3
Japan,Drug use,2010,7.632663817,6
Japan,Dietary risks,2010,96.68891911,2
Japan,Occupational risks,2010,20.38011586,5
China,Unsafe water source,2014,0.290188169,8
China,Air pollution,2014,132.8829724,2
China,Lead exposure,2014,19.26557818,6
China,Smoking,2014,158.5587535,1
China,Alcohol use,2014,33.94331356,4
China,Drug use,2014,5.223240993,7
China,Dietary risks,2014,132.586111,3
China,Occupational risks,2014,24.25484309,5
Malaysia,Unsafe water source,2009,2.09892605,8
Malaysia,Air pollution,2009,32.00164339,3
Malaysia,Lead exposure,2009,3.455149786,7
Malaysia,Smoking,2009,70.52723292,2
Malaysia,Alcohol use,2009,8.8045723,4
Malaysia,Drug use,2009,6.41800491,6
Malaysia,Dietary risks,2009,75.56528382,1
Malaysia,Occupational risks,2009,8.570904082,5
Malaysia,Unsafe water source,2014,2.12890747,8
Malaysia,Air pollution,2014,32.96595521,3
Malaysia,Lead exposure,2014,3.277207745,7
Malaysia,Smoking,2014,70.93660239,2
Malaysia,Alcohol use,2014,9.249896578,4
Malaysia,Drug use,2014,6.830755631,6
Malaysia,Dietary risks,2014,74.0114511,1
Malaysia,Occupational risks,2014,8.017503786,5
United Kingdom,Unsafe water source,2009,0.104728522,8
United Kingdom,Air pollution,2009,31.29592492,5
United Kingdom,Lead exposure,2009,4.087954513,7
United Kingdom,Smoking,2009,192.198708,1
United Kingdom,Alcohol use,2009,37.18087264,3
United Kingdom,Drug use,2009,6.897004513,6
United Kingdom,Dietary risks,2009,120.6307102,2
United Kingdom,Occupational risks,2009,32.63353084,4
Switzerland,Unsafe water source,2014,0.061942507,8
Switzerland,Air pollution,2014,23.22104177,4
Switzerland,Lead exposure,2014,4.518104478,7
Switzerland,Smoking,2014,116.9366391,1
Switzerland,Alcohol use,2014,45.29495801,3
Switzerland,Drug use,2014,6.786007629,6
Switzerland,Dietary risks,2014,105.8038388,2
Switzerland,Occupational risks,2014,23.05730295,5
United Kingdom,Unsafe water source,2014,0.064280251,8
United Kingdom,Air pollution,2014,23.84272664,5
United Kingdom,Lead exposure,2014,3.609633127,7
United Kingdom,Smoking,2014,174.7167708,1
United Kingdom,Alcohol use,2014,36.5439818,3
United Kingdom,Drug use,2014,7.271085795,6
United Kingdom,Dietary risks,2014,111.8429272,2
United Kingdom,Occupational risks,2014,32.80526233,4
United States of America,Unsafe water source,2014,0.125150538,8
United States of America,Air pollution,2014,19.94596202,6
United States of America,Lead exposure,2014,6.384351981,7
United States of America,Smoking,2014,152.6822658,1
United States of America,Alcohol use,2014,38.80322784,3
United States of America,Drug use,2014,24.71959911,4
United States of America,Dietary risks,2014,118.1243312,2
United States of America,Occupational risks,2014,20.39489241,5
China,Unsafe water source,2009,0.46631956,8
China,Air pollution,2009,135.5966586,2
China,Lead exposure,2009,17.80753817,6
China,Smoking,2009,157.0678857,1
China,Alcohol use,2009,33.03903034,4
China,Drug use,2009,5.033310972,7
China,Dietary risks,2009,121.8684753,3
China,Occupational risks,2009,26.69926242,5
Switzerland,Unsafe water source,2009,0.043141724,8
Switzerland,Air pollution,2009,27.52152241,4
Switzerland,Lead exposure,2009,4.824110958,7
Switzerland,Smoking,2009,125.165696,1
Switzerland,Alcohol use,2009,47.88828198,3
Switzerland,Drug use,2009,6.932945443,6
Switzerland,Dietary risks,2009,116.8264436,2
Switzerland,Occupational risks,2009,23.55306541,5
World,Unsafe water source,2010,22.78847026,5
World,Air pollution,2010,94.11584016,3
World,Lead exposure,2010,11.33769028,7
World,Smoking,2010,100.6241664,1
World,Alcohol use,2010,32.19911591,4
World,Drug use,2010,6.021648071,8
World,Dietary risks,2010,98.02369639,2
World,Occupational risks,2010,16.77921928,6
Malaysia,Unsafe water source,2011,2.495748348,8
Malaysia,Air pollution,2011,31.84271891,3
Malaysia,Lead exposure,2011,3.363187373,7
Malaysia,Smoking,2011,70.2066433,2
Malaysia,Alcohol use,2011,8.842016763,4
Malaysia,Drug use,2011,6.852400321,6
Malaysia,Dietary risks,2011,73.61280389,1
Malaysia,Occupational risks,2011,8.222286797,5
China,Unsafe water source,2011,0.360001163,8
China,Air pollution,2011,136.8115615,2
China,Lead exposure,2011,18.84948951,6
China,Smoking,2011,159.6773628,1
China,Alcohol use,2011,33.77106653,4
China,Drug use,2011,4.892670108,7
China,Dietary risks,2011,129.219905,3
China,Occupational risks,2011,25.9570191,5
Japan,Unsafe water source,2011,0.364971501,8
Japan,Air pollution,2011,25.83030355,4
Japan,Lead exposure,2011,2.927622156,7
Japan,Smoking,2011,160.9189774,1
Japan,Alcohol use,2011,37.29930704,3
Japan,Drug use,2011,7.671630187,6
Japan,Dietary risks,2011,98.84356622,2
Japan,Occupational risks,2011,21.05103997,5
India,Unsafe water source,2010,53.33564891,4
India,Air pollution,2010,118.5199213,1
India,Lead exposure,2010,15.46410782,7
India,Smoking,2010,68.1623381,3
India,Alcohol use,2010,22.40839295,5
India,Drug use,2010,5.98574341,8
India,Dietary risks,2010,72.92668326,2
India,Occupational risks,2010,17.17850544,6
World,Unsafe water source,2011,22.14896979,5
World,Air pollution,2011,93.24150462,3
World,Lead exposure,2011,11.41330962,7
World,Smoking,2011,99.83762866,1
World,Alcohol use,2011,31.60532851,4
World,Drug use,2011,5.988493787,8
World,Dietary risks,2011,98.05529106,2
World,Occupational risks,2011,16.6015396,6
Switzerland,Unsafe water source,2011,0.053748391,8
Switzerland,Air pollution,2011,25.88864187,4
Switzerland,Lead exposure,2011,4.622510633,7
Switzerland,Smoking,2011,120.9857375,1
Switzerland,Alcohol use,2011,46.87210964,3
Switzerland,Drug use,2011,6.744378377,6
Switzerland,Dietary risks,2011,109.7331606,2
Switzerland,Occupational risks,2011,23.30432566,5
World,Unsafe water source,2012,21.02238111,5
World,Air pollution,2012,92.22459207,3
World,Lead exposure,2012,11.45008915,7
World,Smoking,2012,99.21676889,1
World,Alcohol use,2012,31.39913966,4
World,Drug use,2012,5.935036035,8
World,Dietary risks,2012,98.09055026,2
World,Occupational risks,2012,16.38952,6
Malaysia,Unsafe water source,2012,2.236843714,8
Malaysia,Air pollution,2012,32.22542798,3
Malaysia,Lead exposure,2012,3.320679342,7
Malaysia,Smoking,2012,70.2343396,2
Malaysia,Alcohol use,2012,8.89143077,4
Malaysia,Drug use,2012,7.005180641,6
Malaysia,Dietary risks,2012,73.38273062,1
Malaysia,Occupational risks,2012,8.067938577,5
United States of America,Unsafe water source,2012,0.130543606,8
United States of America,Air pollution,2012,21.75941123,5
United States of America,Lead exposure,2012,6.483770255,7
United States of America,Smoking,2012,153.3170315,1
United States of America,Alcohol use,2012,37.02599698,3
United States of America,Drug use,2012,22.08247701,4
United States of America,Dietary risks,2012,117.7373208,2
United States of America,Occupational risks,2012,20.52324359,6
United Kingdom,Unsafe water source,2011,0.083038528,8
United Kingdom,Air pollution,2011,28.27995172,5
United Kingdom,Lead exposure,2011,3.848624183,7
United Kingdom,Smoking,2011,182.7325843,1
United Kingdom,Alcohol use,2011,36.57818107,3
United Kingdom,Drug use,2011,6.846782274,6
United Kingdom,Dietary risks,2011,114.9075258,2
United Kingdom,Occupational risks,2011,32.23996144,4
United Kingdom,Unsafe water source,2012,0.075992636,8
United Kingdom,Air pollution,2012,26.97836039,5
United Kingdom,Lead exposure,2012,3.808950538,7
United Kingdom,Smoking,2012,180.4197091,1
United Kingdom,Alcohol use,2012,36.40824584,3
United Kingdom,Drug use,2012,6.890484197,6
United Kingdom,Dietary risks,2012,114.5447649,2
United Kingdom,Occupational risks,2012,32.47960982,4
India,Unsafe water source,2011,52.56858139,4
India,Air pollution,2011,119.7463784,1
India,Lead exposure,2011,15.83064363,7
India,Smoking,2011,69.26777764,3
India,Alcohol use,2011,22.96958986,5
India,Drug use,2011,5.874381281,8
India,Dietary risks,2011,75.4434605,2
India,Occupational risks,2011,17.2536604,6
United States of America,Unsafe water source,2011,0.13303557,8
United States of America,Air pollution,2011,22.65199747,4
United States of America,Lead exposure,2011,6.556985261,7
United States of America,Smoking,2011,154.2990064,1
United States of America,Alcohol use,2011,36.25472894,3
United States of America,Drug use,2011,21.22319977,5
United States of America,Dietary risks,2011,118.2407901,2
United States of America,Occupational risks,2011,20.60046864,6
China,Unsafe water source,2012,0.332733659,8
China,Air pollution,2012,134.7797081,2
China,Lead exposure,2012,18.95157714,6
China,Smoking,2012,159.2602915,1
China,Alcohol use,2012,33.90997938,4
China,Drug use,2012,4.875906143,7
China,Dietary risks,2012,129.9173425,3
China,Occupational risks,2012,25.33479208,5
World,Unsafe water source,2017,17.41108393,5
World,Air pollution,2017,86.62241574,3
World,Lead exposure,2017,11.56917334,7
World,Smoking,2017,98.02004308,2
World,Alcohol use,2017,31.08562384,4
World,Drug use,2017,6.237201991,8
World,Dietary risks,2017,100.199411,1
World,Occupational risks,2017,15.6973567,6
India,Unsafe water source,2012,49.5184247,4
India,Air pollution,2012,121.3536816,1
India,Lead exposure,2012,16.15364435,7
India,Smoking,2012,70.64640644,3
India,Alcohol use,2012,23.54515975,5
India,Drug use,2012,5.580945342,8
India,Dietary risks,2012,77.66515537,2
India,Occupational risks,2012,17.23751029,6
Japan,Unsafe water source,2017,0.414712413,8
Japan,Air pollution,2017,31.55677569,4
Japan,Lead exposure,2017,2.934915228,7
Japan,Smoking,2017,153.7489162,1
Japan,Alcohol use,2017,35.05014256,3
Japan,Drug use,2017,7.780768115,6
Japan,Dietary risks,2017,101.60425,2
Japan,Occupational risks,2017,22.38371728,5
Switzerland,Unsafe water source,2012,0.057313557,8
Switzerland,Air pollution,2012,25.33605371,4
Switzerland,Lead exposure,2012,4.621401468,7
Switzerland,Smoking,2012,120.1130409,1
Switzerland,Alcohol use,2012,46.57850124,3
Switzerland,Drug use,2012,6.782229473,6
Switzerland,Dietary risks,2012,109.2343488,2
Switzerland,Occupational risks,2012,23.32155232,5
United Kingdom,Unsafe water source,2013,0.070117693,8
United Kingdom,Air pollution,2013,25.50099492,5
United Kingdom,Lead exposure,2013,3.746092563,7
United Kingdom,Smoking,2013,178.6347112,1
United Kingdom,Alcohol use,2013,36.65751662,3
United Kingdom,Drug use,2013,7.097015766,6
United Kingdom,Dietary risks,2013,114.1814614,2
United Kingdom,Occupational risks,2013,32.9387941,4
Japan,Unsafe water source,2012,0.383680677,8
Japan,Air pollution,2012,27.09887293,4
Japan,Lead exposure,2012,2.926579536,7
Japan,Smoking,2012,160.331046,1
Japan,Alcohol use,2012,35.96414547,3
Japan,Drug use,2012,7.616373655,6
Japan,Dietary risks,2012,99.00385871,2
Japan,Occupational risks,2012,21.47347266,5
India,Unsafe water source,2017,39.05916723,4
India,Air pollution,2017,118.0545286,1
India,Lead exposure,2017,16.42892674,7
India,Smoking,2017,72.02466821,3
India,Alcohol use,2017,24.19108169,5
India,Drug use,2017,4.889393897,8
India,Dietary risks,2017,81.82932422,2
India,Occupational risks,2017,17.06030571,6
Japan,Unsafe water source,2014,0.399534952,8
Japan,Air pollution,2014,30.08250226,4
Japan,Lead exposure,2014,2.884650892,7
Japan,Smoking,2014,157.7367847,1
Japan,Alcohol use,2014,35.11466711,3
Japan,Drug use,2014,7.547293461,6
Japan,Dietary risks,2014,98.70427473,2
Japan,Occupational risks,2014,21.87645626,5
Malaysia,Unsafe water source,2013,2.091404043,8
Malaysia,Air pollution,2013,31.52775794,3
Malaysia,Lead exposure,2013,3.186040892,7
Malaysia,Smoking,2013,68.42732745,2
Malaysia,Alcohol use,2013,8.857665011,4
Malaysia,Drug use,2013,6.946132019,6
Malaysia,Dietary risks,2013,71.25266402,1
Malaysia,Occupational risks,2013,7.865171453,5
China,Unsafe water source,2018,0.2437417,8
China,Air pollution,2018,129.0099887,3
China,Lead exposure,2018,19.60150964,6
China,Smoking,2018,165.4244472,1
China,Alcohol use,2018,35.17293879,4
China,Drug use,2018,5.853380896,7
China,Dietary risks,2018,138.8559301,2
China,Occupational risks,2018,23.64965398,5
Malaysia,Unsafe water source,2018,2.26209881,8
Malaysia,Air pollution,2018,33.29993539,3
Malaysia,Lead exposure,2018,3.536585419,7
Malaysia,Smoking,2018,76.30043523,2
Malaysia,Alcohol use,2018,10.38418184,4
Malaysia,Drug use,2018,4.609727076,6
Malaysia,Dietary risks,2018,84.18899017,1
Malaysia,Occupational risks,2018,8.55948962,5
China,Unsafe water source,2013,0.311539429,8
China,Air pollution,2013,133.5380548,2
China,Lead exposure,2013,19.13468866,6
China,Smoking,2013,158.5671351,1
China,Alcohol use,2013,33.83834201,4
China,Drug use,2013,4.983105907,7
China,Dietary risks,2013,131.3861838,3
China,Occupational risks,2013,24.72854553,5
World,Unsafe water source,2014,19.19344419,5
World,Air pollution,2014,90.25862164,3
World,Lead exposure,2014,11.49202185,7
World,Smoking,2014,98.06081576,2
World,Alcohol use,2014,30.99689094,4
World,Drug use,2014,5.983790725,8
World,Dietary risks,2014,98.12215268,1
World,Occupational risks,2014,16.02158357,6
Switzerland,Unsafe water source,2018,0.058414586,8
Switzerland,Air pollution,2018,18.00965222,5
Switzerland,Lead exposure,2018,4.418164847,7
Switzerland,Smoking,2018,115.3288148,1
Switzerland,Alcohol use,2018,44.39806042,3
Switzerland,Drug use,2018,6.946697348,6
Switzerland,Dietary risks,2018,106.0129236,2
Switzerland,Occupational risks,2018,21.85746235,4
United Kingdom,Unsafe water source,2018,0.059168173,8
United Kingdom,Air pollution,2018,22.59794214,5
United Kingdom,Lead exposure,2018,3.449789031,7
United Kingdom,Smoking,2018,176.681396,1
United Kingdom,Alcohol use,2018,37.32366386,3
United Kingdom,Drug use,2018,7.537879581,6
United Kingdom,Dietary risks,2018,115.062343,2
United Kingdom,Occupational risks,2018,34.18802005,4
United States of America,Unsafe water source,2018,0.11573259,8
United States of America,Air pollution,2018,18.08966619,6
United States of America,Lead exposure,2018,6.320127223,7
United States of America,Smoking,2018,158.0998563,1
United States of America,Alcohol use,2018,41.45947758,3
United States of America,Drug use,2018,31.09564956,4
United States of America,Dietary risks,2018,124.6811412,2
United States of America,Occupational risks,2018,21.64860166,5
Switzerland,Unsafe water source,2013,0.059577144,8
Switzerland,Air pollution,2013,24.41394582,4
Switzerland,Lead exposure,2013,4.58178571,7
Switzerland,Smoking,2013,119.0200829,1
Switzerland,Alcohol use,2013,46.12569653,3
Switzerland,Drug use,2013,6.825009338,6
Switzerland,Dietary risks,2013,107.8047795,2
Switzerland,Occupational risks,2013,23.32717711,5
India,Unsafe water source,2014,43.73643482,4
India,Air pollution,2014,121.8244997,1
India,Lead exposure,2014,16.28077542,7
India,Smoking,2014,71.99730441,3
India,Alcohol use,2014,23.33724267,5
India,Drug use,2014,5.000250977,8
India,Dietary risks,2014,78.74242372,2
India,Occupational risks,2014,17.37727557,6
World,Unsafe water source,2015,18.39472308,5
World,Air pollution,2015,89.58327285,3
World,Lead exposure,2015,11.53669195,7
World,Smoking,2015,98.20667386,2
World,Alcohol use,2015,31.09698929,4
World,Drug use,2015,6.101954077,8
World,Dietary risks,2015,99.16679864,1
World,Occupational risks,2015,15.87207856,6
Switzerland,Unsafe water source,2015,0.064670363,8
Switzerland,Air pollution,2015,21.98802336,5
Switzerland,Lead exposure,2015,4.546264818,7
Switzerland,Smoking,2015,116.0284223,1
Switzerland,Alcohol use,2015,45.04218107,3
Switzerland,Drug use,2015,6.771760915,6
Switzerland,Dietary risks,2015,105.8401701,2
Switzerland,Occupational risks,2015,22.75499384,4
United States of America,Unsafe water source,2013,0.128191675,8
United States of America,Air pollution,2013,20.9278549,5
United States of America,Lead exposure,2013,6.436725761,7
United States of America,Smoking,2013,152.9840685,1
United States of America,Alcohol use,2013,37.89243307,3
United States of America,Drug use,2013,23.22213538,4
United States of America,Dietary risks,2013,117.8298471,2
United States of America,Occupational risks,2013,20.47323645,6
India,Unsafe water source,2015,41.4976975,4
India,Air pollution,2015,121.3920313,1
India,Lead exposure,2015,16.37149951,7
India,Smoking,2015,71.77022606,3
India,Alcohol use,2015,23.46243282,5
India,Drug use,2015,4.927901441,8
India,Dietary risks,2015,79.90871478,2
India,Occupational risks,2015,17.12321834,6
United Kingdom,Unsafe water source,2016,0.058647117,8
United Kingdom,Air pollution,2016,22.32848561,5
United Kingdom,Lead exposure,2016,3.437177682,7
United Kingdom,Smoking,2016,173.3888236,1
United Kingdom,Alcohol use,2016,37.14133337,3
United Kingdom,Drug use,2016,7.721433557,6
United Kingdom,Dietary risks,2016,110.8980069,2
United Kingdom,Occupational risks,2016,33.16879042,4
United States of America,Unsafe water source,2016,0.118996314,8
United States of America,Air pollution,2016,18.54285291,6
United States of America,Lead exposure,2016,6.347620732,7
United States of America,Smoking,2016,154.1139842,1
United States of America,Alcohol use,2016,41.06599867,3
United States of America,Drug use,2016,29.10644423,4
United States of America,Dietary risks,2016,120.7376659,2
United States of America,Occupational risks,2016,20.54202961,5
Malaysia,Unsafe water source,2016,2.214874044,8
Malaysia,Air pollution,2016,33.2142542,3
Malaysia,Lead exposure,2016,3.438678273,7
Malaysia,Smoking,2016,74.44436642,2
Malaysia,Alcohol use,2016,9.798866652,4
Malaysia,Drug use,2016,6.116369378,6
Malaysia,Dietary risks,2016,79.44466574,1
Malaysia,Occupational risks,2016,8.335255302,5
Malaysia,Unsafe water source,2015,2.162432442,8
Malaysia,Air pollution,2015,33.73211047,3
Malaysia,Lead exposure,2015,3.322317394,7
Malaysia,Smoking,2015,72.16042093,2
Malaysia,Alcohol use,2015,9.457963,4
Malaysia,Drug use,2015,6.524175801,6
Malaysia,Dietary risks,2015,75.99833164,1
Malaysia,Occupational risks,2015,8.122497731,5
United States of America,Unsafe water source,2015,0.122694622,8
United States of America,Air pollution,2015,19.40799957,6
United States of America,Lead exposure,2015,6.380410745,7
United States of America,Smoking,2015,153.1219832,1
United States of America,Alcohol use,2015,39.9450819,3
United States of America,Drug use,2015,26.67391865,4
United States of America,Dietary risks,2015,119.4268976,2
United States of America,Occupational risks,2015,20.33414811,5
China,Unsafe water source,2016,0.289022396,8
China,Air pollution,2016,132.3435876,3
China,Lead exposure,2016,19.55245822,6
China,Smoking,2016,161.3898976,1
China,Alcohol use,2016,34.4816233,4
China,Drug use,2016,5.576988294,7
China,Dietary risks,2016,135.7253962,2
China,Occupational risks,2016,23.96780954,5
United Kingdom,Unsafe water source,2015,0.061701493,8
United Kingdom,Air pollution,2015,22.95782499,5
United Kingdom,Lead exposure,2015,3.54322685,7
United Kingdom,Smoking,2015,174.6039142,1
United Kingdom,Alcohol use,2015,37.01882545,3
United Kingdom,Drug use,2015,7.540159517,6
United Kingdom,Dietary risks,2015,111.994248,2
United Kingdom,Occupational risks,2015,33.1142757,4
China,Unsafe water source,2015,0.284142583,8
China,Air pollution,2015,132.5551108,3
China,Lead exposure,2015,19.33106756,6
China,Smoking,2015,159.0699953,1
China,Alcohol use,2015,34.06554111,4
China,Drug use,2015,5.416197118,7
China,Dietary risks,2015,133.578792,2
China,Occupational risks,2015,23.92256108,5
Japan,Unsafe water source,2015,0.405146992,8
Japan,Air pollution,2015,30.82458376,4
Japan,Lead exposure,2015,2.884690293,7
Japan,Smoking,2015,156.4403905,1
Japan,Alcohol use,2015,34.82561354,3
Japan,Drug use,2015,7.542863751,6
Japan,Dietary risks,2015,99.05127841,2
Japan,Occupational risks,2015,22.09997194,5
Japan,Unsafe water source,2016,0.414215536,8
Japan,Air pollution,2016,31.30205783,4
Japan,Lead exposure,2016,2.910719944,7
Japan,Smoking,2016,155.5402935,1
Japan,Alcohol use,2016,34.94811427,3
Japan,Drug use,2016,7.661252509,6
Japan,Dietary risks,2016,100.4956706,2
Japan,Occupational risks,2016,22.37585295,5
World,Unsafe water source,2016,17.71466376,5
World,Air pollution,2016,88.13095457,3
World,Lead exposure,2016,11.56627482,7
World,Smoking,2016,98.19508445,2
World,Alcohol use,2016,31.12087644,4
World,Drug use,2016,6.209774944,8
World,Dietary risks,2016,99.73914465,1
World,Occupational risks,2016,15.78311803,6
Switzerland,Unsafe water source,2016,0.063678961,8
Switzerland,Air pollution,2016,19.3662312,5
Switzerland,Lead exposure,2016,4.442863024,7
Switzerland,Smoking,2016,114.6505987,1
Switzerland,Alcohol use,2016,44.40615966,3
Switzerland,Drug use,2016,6.781058409,6
Switzerland,Dietary risks,2016,104.1608055,2
Switzerland,Occupational risks,2016,22.25315775,4
Malaysia,Unsafe water source,2017,2.256989891,8
Malaysia,Air pollution,2017,32.17486934,3
Malaysia,Lead exposure,2017,3.493048074,7
Malaysia,Smoking,2017,75.52306299,2
Malaysia,Alcohol use,2017,10.10612919,4
Malaysia,Drug use,2017,5.270168753,6
Malaysia,Dietary risks,2017,81.91978033,1
Malaysia,Occupational risks,2017,8.46727457,5
China,Unsafe water source,2017,0.271484073,8
China,Air pollution,2017,130.4525568,3
China,Lead exposure,2017,19.5867963,6
China,Smoking,2017,163.0049221,1
China,Alcohol use,2017,34.69626047,4
China,Drug use,2017,5.726171498,7
China,Dietary risks,2017,137.3634138,2
China,Occupational risks,2017,23.68701886,5
World,Unsafe water source,2018,16.58630551,5
World,Air pollution,2018,86.25061494,3
World,Lead exposure,2018,11.61087619,7
World,Smoking,2018,98.60789834,2
World,Alcohol use,2018,31.25025735,4
World,Drug use,2018,6.293298922,8
World,Dietary risks,2018,101.4052949,1
World,Occupational risks,2018,15.72261324,6
India,Unsafe water source,2016,39.39979667,4
India,Air pollution,2016,119.2424509,1
India,Lead exposure,2016,16.41192853,7
India,Smoking,2016,71.78514525,3
India,Alcohol use,2016,23.82028284,5
India,Drug use,2016,4.888967529,8
India,Dietary risks,2016,81.06940011,2
India,Occupational risks,2016,16.98609116,6
Switzerland,Unsafe water source,2017,0.059938144,8
Switzerland,Air pollution,2017,17.57578537,5
Switzerland,Lead exposure,2017,4.407890553,7
Switzerland,Smoking,2017,114.8020335,1
Switzerland,Alcohol use,2017,44.26161648,3
Switzerland,Drug use,2017,6.861992862,6
Switzerland,Dietary risks,2017,104.7131632,2
Switzerland,Occupational risks,2017,21.97018601,4
India,Unsafe water source,2018,37.85829725,4
India,Air pollution,2018,119.6185555,1
India,Lead exposure,2018,16.68578584,7
India,Smoking,2018,73.01201376,3
India,Alcohol use,2018,24.48214874,5
India,Drug use,2018,5.014410429,8
India,Dietary risks,2018,83.67944754,2
India,Occupational risks,2018,17.27354064,6
United States of America,Unsafe water source,2017,0.115090071,8
United States of America,Air pollution,2017,17.79830951,6
United States of America,Lead exposure,2017,6.245133672,7
United States of America,Smoking,2017,154.2338046,1
United States of America,Alcohol use,2017,41.00897927,3
United States of America,Drug use,2017,30.38691745,4
United States of America,Dietary risks,2017,121.208304,2
United States of America,Occupational risks,2017,20.74867461,5
United Kingdom,Unsafe water source,2017,0.057257941,8
United Kingdom,Air pollution,2017,21.94418669,5
United Kingdom,Lead exposure,2017,3.383606969,7
United Kingdom,Smoking,2017,172.9133709,1
United Kingdom,Alcohol use,2017,37.07275903,3
United Kingdom,Drug use,2017,7.704979603,6
United Kingdom,Dietary risks,2017,111.0376064,2
United Kingdom,Occupational risks,2017,33.26737159,4
Japan,Unsafe water source,2018,0.419094515,8
Japan,Air pollution,2018,32.56434848,4
Japan,Lead exposure,2018,3.009602886,7
Japan,Smoking,2018,154.6563812,1
Japan,Alcohol use,2018,36.04773714,3
Japan,Drug use,2018,8.058052991,6
Japan,Dietary risks,2018,104.9149706,2
Japan,Occupational risks,2018,22.51735574,5
United States of America,Unsafe water source,2019,0.116380445,8
United States of America,Air pollution,2019,18.36375593,6
United States of America,Lead exposure,2019,6.341863677,7
United States of America,Smoking,2019,160.9056163,1
United States of America,Alcohol use,2019,41.66828624,3
United States of America,Drug use,2019,31.93383426,4
United States of America,Dietary risks,2019,127.5541114,2
United States of America,Occupational risks,2019,22.19445005,5
Malaysia,Unsafe water source,2019,2.320168124,8
Malaysia,Air pollution,2019,35.01501915,3
Malaysia,Lead exposure,2019,3.671043255,7
Malaysia,Smoking,2019,78.55140694,2
Malaysia,Alcohol use,2019,10.82409563,4
Malaysia,Drug use,2019,4.46572945,6
Malaysia,Dietary risks,2019,88.32140475,1
Malaysia,Occupational risks,2019,8.790094967,5
United Kingdom,Unsafe water source,2019,0.059492115,8
United Kingdom,Air pollution,2019,22.35362403,5
United Kingdom,Lead exposure,2019,3.435752185,7
United Kingdom,Smoking,2019,178.1851369,1
United Kingdom,Alcohol use,2019,37.55146645,3
United Kingdom,Drug use,2019,7.459670487,6
United Kingdom,Dietary risks,2019,116.7278485,2
United Kingdom,Occupational risks,2019,34.59176028,4
China,Unsafe water source,2019,0.229908781,8
China,Air pollution,2019,129.9450192,3
China,Lead exposure,2019,19.84042561,6
China,Smoking,2019,170.0470254,1
China,Alcohol use,2019,36.18366583,4
China,Drug use,2019,5.992770011,7
China,Dietary risks,2019,141.6788677,2
China,Occupational risks,2019,23.98014621,5
Japan,Unsafe water source,2019,0.424311257,8
Japan,Air pollution,2019,33.30910672,4
Japan,Lead exposure,2019,3.070313184,7
Japan,Smoking,2019,156.036206,1
Japan,Alcohol use,2019,37.40148587,3
Japan,Drug use,2019,8.243743605,6
Japan,Dietary risks,2019,108.0727226,2
Japan,Occupational risks,2019,22.80206635,5
Switzerland,Unsafe water source,2019,0.057148433,8
Switzerland,Air pollution,2019,18.31972457,5
Switzerland,Lead exposure,2019,4.431568294,7
Switzerland,Smoking,2019,116.4168332,1
Switzerland,Alcohol use,2019,44.87204657,3
Switzerland,Drug use,2019,7.03950337,6
Switzerland,Dietary risks,2019,107.3465541,2
Switzerland,Occupational risks,2019,21.89008428,4
World,Unsafe water source,2019,15.89866862,5
World,Air pollution,2019,86.2264306,3
World,Lead exposure,2019,11.65389335,7
World,Smoking,2019,99.43008884,2
World,Alcohol use,2019,31.560382,4
World,Drug use,2019,6.390875044,8
World,Dietary risks,2019,102.6569613,1
World,Occupational risks,2019,15.77391884,6
India,Unsafe water source,2019,36.54901073,4
India,Air pollution,2019,119.8908994,1
India,Lead exposure,2019,16.7190445,7
India,Smoking,2019,72.86095959,3
India,Alcohol use,2019,24.71369016,5
India,Drug use,2019,5.242138547,8
India,Dietary risks,2019,84.61418103,2
India,Occupational risks,2019,17.24111502,6
